<?xml version="1.0" encoding="UTF-8"?>
<project-private xmlns="http://www.netbeans.org/ns/project-private/1">
    <editor-bookmarks xmlns="http://www.netbeans.org/ns/editor-bookmarks/2" lastBookmarkId="0"/>
    <open-files xmlns="http://www.netbeans.org/ns/projectui-open-files/2">
        <group>
            <file>file:/D:/Semester%204/PKPL/Week%2011/Praktikum/W11S02_JUnit_03/JUnitTask_03/src/Junit_Modified_03/Palindrome_1.java</file>
            <file>file:/D:/Semester%204/PKPL/Week%2011/Praktikum/W11S02_JUnit_03/JUnitTask_03/test/JUnit_Unmodified_03/Reverse_1Test2.java</file>
            <file>file:/D:/Semester%204/PKPL/Week%2011/Praktikum/W11S02_JUnit_03/JUnitTask_03/test/Junit_Modified_03/Palindrome_1Test2.java</file>
            <file>file:/D:/Semester%204/PKPL/Week%2011/Praktikum/W11S02_JUnit_03/JUnitTask_03/test/JUnit_Unmodified_03/Reverse_2Test6.java</file>
            <file>file:/D:/Semester%204/PKPL/Week%2011/Praktikum/W11S02_JUnit_03/JUnitTask_03/test/JUnit_Unmodified_03/Reverse_1Test5.java</file>
            <file>file:/D:/Semester%204/PKPL/Week%2011/Praktikum/W11S02_JUnit_03/JUnitTask_03/test/JUnit_Unmodified_03/Palindrome_1Test6.java</file>
            <file>file:/D:/Semester%204/PKPL/Week%2011/Praktikum/W11S02_JUnit_03/JUnitTask_03/test/JUnit_Unmodified_03/Reverse_2Test3.java</file>
            <file>file:/D:/Semester%204/PKPL/Week%2011/Praktikum/W11S02_JUnit_03/JUnitTask_03/test/JUnit_Unmodified_03/Reverse_1Test.java</file>
            <file>file:/D:/Semester%204/PKPL/Week%2011/Praktikum/W11S02_JUnit_03/JUnitTask_03/test/JUnit_Unmodified_03/Palindrome_1Test3.java</file>
            <file>file:/D:/Semester%204/PKPL/Week%2011/Praktikum/W11S02_JUnit_03/JUnitTask_03/test/Junit_Modified_03/Reverse_2Test5.java</file>
            <file>file:/D:/Semester%204/PKPL/Week%2011/Praktikum/W11S02_JUnit_03/JUnitTask_03/test/Junit_Modified_03/Palindrome_1Test7.java</file>
            <file>file:/D:/Semester%204/PKPL/Week%2011/Praktikum/W11S02_JUnit_03/JUnitTask_03/test/Junit_Modified_03/Palindrome_1Test4.java</file>
            <file>file:/D:/Semester%204/PKPL/Week%2011/Praktikum/W11S02_JUnit_03/JUnitTask_03/test/JUnit_Unmodified_03/Reverse_2Test4.java</file>
            <file>file:/D:/Semester%204/PKPL/Week%2011/Praktikum/W11S02_JUnit_03/JUnitTask_03/test/JUnit_Unmodified_03/Palindrome_2Test4.java</file>
            <file>file:/D:/Semester%204/PKPL/Week%2011/Praktikum/W11S02_JUnit_03/JUnitTask_03/test/JUnit_Unmodified_03/Reverse_2Test7.java</file>
            <file>file:/D:/Semester%204/PKPL/Week%2011/Praktikum/W11S02_JUnit_03/JUnitTask_03/test/JUnit_Unmodified_03/Reverse_1Test3.java</file>
            <file>file:/D:/Semester%204/PKPL/Week%2011/Praktikum/W11S02_JUnit_03/JUnitTask_03/test/JUnit_Unmodified_03/Reverse_1Test6.java</file>
            <file>file:/D:/Semester%204/PKPL/Week%2011/Praktikum/W11S02_JUnit_03/JUnitTask_03/src/JUnit_Unmodified_03/Palindrome_2.java</file>
            <file>file:/D:/Semester%204/PKPL/Week%2011/Praktikum/W11S02_JUnit_03/JUnitTask_03/test/JUnit_Unmodified_03/Palindrome_2Test7.java</file>
            <file>file:/D:/Semester%204/PKPL/Week%2011/Praktikum/W11S02_JUnit_03/JUnitTask_03/test/JUnit_Unmodified_03/Palindrome_2Test6.java</file>
            <file>file:/D:/Semester%204/PKPL/Week%2011/Praktikum/W11S02_JUnit_03/JUnitTask_03/test/Junit_Modified_03/Reverse_2Test4.java</file>
            <file>file:/D:/Semester%204/PKPL/Week%2011/Praktikum/W11S02_JUnit_03/JUnitTask_03/test/JUnit_Unmodified_03/Palindrome_2Test3.java</file>
            <file>file:/D:/Semester%204/PKPL/Week%2011/Praktikum/W11S02_JUnit_03/JUnitTask_03/src/JUnit_Unmodified_03/Reverse_1.java</file>
            <file>file:/D:/Semester%204/PKPL/Week%2011/Praktikum/W11S02_JUnit_03/JUnitTask_03/test/Junit_Modified_03/Reverse_2Test7.java</file>
            <file>file:/D:/Semester%204/PKPL/Week%2011/Praktikum/W11S02_JUnit_03/JUnitTask_03/test/JUnit_Unmodified_03/Palindrome_1Test2.java</file>
            <file>file:/D:/Semester%204/PKPL/Week%2011/Praktikum/W11S02_JUnit_03/JUnitTask_03/test/Junit_Modified_03/Palindrome_1Test3.java</file>
            <file>file:/D:/Semester%204/PKPL/Week%2011/Praktikum/W11S02_JUnit_03/JUnitTask_03/test/Junit_Modified_03/Palindrome_1Test6.java</file>
            <file>file:/D:/Semester%204/PKPL/Week%2011/Praktikum/W11S02_JUnit_03/JUnitTask_03/test/JUnit_Unmodified_03/Palindrome_1Test5.java</file>
            <file>file:/D:/Semester%204/PKPL/Week%2011/Praktikum/W11S02_JUnit_03/JUnitTask_03/test/JUnit_Unmodified_03/Reverse_2Test2.java</file>
            <file>file:/D:/Semester%204/PKPL/Week%2011/Praktikum/W11S02_JUnit_03/JUnitTask_03/test/JUnit_Unmodified_03/Palindrome_1Test.java</file>
            <file>file:/D:/Semester%204/PKPL/Week%2011/Praktikum/W11S02_JUnit_03/JUnitTask_03/test/JUnit_Unmodified_03/Reverse_2Test.java</file>
            <file>file:/D:/Semester%204/PKPL/Week%2011/Praktikum/W11S02_JUnit_03/JUnitTask_03/test/JUnit_Unmodified_03/Reverse_2Test5.java</file>
            <file>file:/D:/Semester%204/PKPL/Week%2011/Praktikum/W11S02_JUnit_03/JUnitTask_03/test/Junit_Modified_03/Reverse_2Test.java</file>
            <file>file:/D:/Semester%204/PKPL/Week%2011/Praktikum/W11S02_JUnit_03/JUnitTask_03/src/JUnit_Unmodified_03/Palindrome_1.java</file>
            <file>file:/D:/Semester%204/PKPL/Week%2011/Praktikum/W11S02_JUnit_03/JUnitTask_03/test/Junit_Modified_03/Palindrome_1Test.java</file>
            <file>file:/D:/Semester%204/PKPL/Week%2011/Praktikum/W11S02_JUnit_03/JUnitTask_03/test/JUnit_Unmodified_03/Reverse_1Test7.java</file>
            <file>file:/D:/Semester%204/PKPL/Week%2011/Praktikum/W11S02_JUnit_03/JUnitTask_03/test/JUnit_Unmodified_03/Palindrome_1Test7.java</file>
            <file>file:/D:/Semester%204/PKPL/Week%2011/Praktikum/W11S02_JUnit_03/JUnitTask_03/test/Junit_Modified_03/Reverse_2Test6.java</file>
            <file>file:/D:/Semester%204/PKPL/Week%2011/Praktikum/W11S02_JUnit_03/JUnitTask_03/test/JUnit_Unmodified_03/Palindrome_2Test.java</file>
            <file>file:/D:/Semester%204/PKPL/Week%2011/Praktikum/W11S02_JUnit_03/JUnitTask_03/test/JUnit_Unmodified_03/Palindrome_2Test5.java</file>
            <file>file:/D:/Semester%204/PKPL/Week%2011/Praktikum/W11S02_JUnit_03/JUnitTask_03/test/JUnit_Unmodified_03/Reverse_1Test4.java</file>
            <file>file:/D:/Semester%204/PKPL/Week%2011/Praktikum/W11S02_JUnit_03/JUnitTask_03/test/Junit_Modified_03/Reverse_2Test2.java</file>
            <file>file:/D:/Semester%204/PKPL/Week%2011/Praktikum/W11S02_JUnit_03/JUnitTask_03/test/Junit_Modified_03/Reverse_2Test3.java</file>
            <file>file:/D:/Semester%204/PKPL/Week%2011/Praktikum/W11S02_JUnit_03/JUnitTask_03/src/Junit_Modified_03/Reverse_2.java</file>
            <file>file:/D:/Semester%204/PKPL/Week%2011/Praktikum/W11S02_JUnit_03/JUnitTask_03/test/JUnit_Unmodified_03/Palindrome_2Test2.java</file>
            <file>file:/D:/Semester%204/PKPL/Week%2011/Praktikum/W11S02_JUnit_03/JUnitTask_03/test/Junit_Modified_03/Palindrome_1Test5.java</file>
            <file>file:/D:/Semester%204/PKPL/Week%2011/Praktikum/W11S02_JUnit_03/JUnitTask_03/test/JUnit_Unmodified_03/Palindrome_1Test4.java</file>
            <file>file:/D:/Semester%204/PKPL/Week%2011/Praktikum/W11S02_JUnit_03/JUnitTask_03/src/JUnit_Unmodified_03/Reverse_2.java</file>
        </group>
    </open-files>
</project-private>
